{
    "pre-2.0.0": {
        "versions": [
            "1.2.14",
            "1.3.0"
        ],
        "scripts": [
            "/mysql/upgrade/2.0.0.sql"
        ],
        "dbVersion": "2.0.0"
    },
    "pre-2.1.0": {
        "versions": [
            "2.0.0",
            "2.0.1"
        ],
        "scripts": [
            "/mysql/upgrade/2.1.0.sql"
        ],
        "dbVersion": "2.1.0"
    },
    "pre-2.1.3": {
        "versions": [
            "2.1.0",
            "2.1.1",
            "2.1.2"
        ],
        "scripts": [
            "/mysql/upgrade/2.1.3.sql"
        ],
        "dbVersion": "2.1.3"
    },
    "pre-2.1.8": {
        "versions": [
            "2.1.3",
            "2.1.4",
            "2.1.5",
            "2.1.6",
            "2.1.7"
        ],
        "scripts": [
            "/mysql/upgrade/2.1.8.sql"
        ],
        "dbVersion": "2.1.8"
    },
    "pre-2.2.0": {
        "versions": [
            "2.1.8",
            "2.1.9",
            "2.1.10",
            "2.1.11"
        ],
        "scripts": [
            "/mysql/upgrade/2.2.0.sql"
        ],
        "dbVersion": "2.2.0"
    },
    "pre-2.3.0": {
        "versions": [
            "2.2.0",
            "2.2.1",
            "2.2.2",
            "2.2.3",
            "2.2.4"
        ],
        "scripts": [
            "/mysql/upgrade/2.3.0.sql"
        ],
        "dbVersion": "2.3.0"
    },
    "pre-2.4.0": {
        "versions": [
            "2.3.0",
            "2.3.1",
            "2.3.2",
            "2.3.3",
            "2.3.4",
            "2.3.5"
        ],
        "scripts": [
            "/mysql/upgrade/2.4.0.sql"
        ],
        "dbVersion": "2.4.0"
    },
    "pre-2.5.0": {
        "versions": [
            "2.4.0",
            "2.4.1",
            "2.4.2",
            "2.4.3",
            "2.4.4"
        ],
        "scripts": [
            "/mysql/upgrade/2.5.0.sql"
        ],
        "dbVersion": "2.5.0"
    },
    "pre-2.6.0": {
        "versions": [
            "2.5.0",
            "2.5.1",
            "2.5.2"
        ],
        "scripts": [
            "/mysql/upgrade/2.6.0.sql"
        ],
        "dbVersion": "2.6.0"
    },
    "pre-2.7.0": {
        "versions": [
            "2.6.0",
            "2.6.1",
            "2.6.2",
            "2.6.3"
        ],
        "scripts": [
            "/mysql/upgrade/2.7.0.sql"
        ],
        "dbVersion": "2.7.0"
    },
    "current": {
        "versions": [
            "2.7.0",
            "2.7.1",
            "2.7.2",
            "2.7.3",
            "2.7.4"
        ],
        "scripts": [],
        "dbVersion": "2.7.5"
    }
}